{
  "threshold": 0.35,
  "accuracy": 0.64256,
  "precision": 0.0230037602300376,
  "recall": 0.6709677419354839,
  "f1": 0.04448246364414029,
  "roc_auc": 0.7173545512745136,
  "pr_auc": 0.03052454242018593,
  "true_negatives": 7928,
  "false_positives": 4417,
  "false_negatives": 51,
  "true_positives": 104,
  "training_seconds": 0.7897255001589656,
  "latency_ms_per_1000_transactions": 1.1007199995219707,
  "test_rows": 12500,
  "fraud_rate": 0.01242
}